<?xml version="1.0" encoding="UTF-8" standalone="yes"?>
<addon id="script.program.updatepi" name="Update Pi" version="1.0.3" provider-name="Maaatin">
	<requires>
		<import addon="xbmc.python" version="2.14.0"/>
	</requires>
	<extension point="xbmc.python.script" library="addon.py">
		<provides>executable</provides>
	</extension>
	<extension point="xbmc.addon.metadata">
		<platform>linux</platform>
		<summary lang="en">Start an Update for the Raspberry Pi.</summary>
		<summary lang="de">Startet ein Update für den Raspberry Pi.</summary>
		<description lang="en">This Addon will start an automatic update of your Raspberry Pi.</description>
		<description lang="de">Dieses Addon wird alle installierten Programme auf dem Raspberry Pi auf den neuesten stand bringen.</description>
		<license>GNU General Public License, v2</license>
		<language></language>
		<forum></forum>
		<source>https://github.com/BieneMongo/Addons/tree/master/script.program.updatepi</source>
		<website>https://github.com/MartinOehme</website>
		<email>maaaaaatin@gmx.de</email>
		<assets>
			<icon>resources/icon.png</icon>
		</assets>
		<news></news>
	</extension>
</addon>
