<?xml version="1.0" encoding="UTF-8" standalone="yes"?>
<addon id="script.remote.control" name="Remote Control" version="0.0.12" provider-name="Maaatin">
	<requires>
		<import addon="xbmc.python" version="2.14.0"/>
	</requires>
	<extension point="xbmc.python.script" library="addon.py">
		<provides>executable</provides>
	</extension>
	<extension point="xbmc.addon.metadata">
		<platform>linux</platform>
		<summary lang="en">Change the status of an remote controlled socket</summary>
		<summary lang="de">Ändert den status von Fernbedienungs gesteuerten Steckdosen</summary>
		<description lang="en">This Addon will let you change the status of an remote controlled socket. To make this possible you need to install wiringPi and have an antenna for the sought frequency.</description>
		<description lang="de">Um dieses Addon auszuführen wird wiringPi und eine Antenne mit der angestrebten Frequenz benötigt. Dann kann mit diesem Addon der Status von Funksteckdosen umgeschaltet werden.</description>
		<license>GNU General Public License, v2</license>
		<language></language>
		<forum></forum>
		<source>https://github.com/BieneMongo/Addons/tree/master/script.remote.control</source>
		<website>https://github.com/BieneMongo</website>
		<email>maaaaaatin@gmx.de</email>
		<assets>
			<icon>resources/icon.png</icon>
		</assets>
		<news></news>
	</extension>
</addon>
